O-C1/csarp/sarp-10-5-A-1.txt,solutions/csarp-sarp-10-5-A-1.txt
O-C1/csarp/sarp-10-5-A-2.txt,solutions/csarp-sarp-10-5-A-2.txt
O-C1/csarp/sarp-10-5-B-1.txt,solutions/csarp-sarp-10-5-B-1.txt
O-C1/csarp/sarp-10-5-B-2.txt,solutions/csarp-sarp-10-5-B-2.txt
O-C1/csarp/sarp-10-5-C-1.txt,solutions/csarp-sarp-10-5-C-1.txt
O-C1/csarp/sarp-10-5-C-2.txt,solutions/csarp-sarp-10-5-C-2.txt
O-C1/csarp/sarp-5-10-A-1.txt,solutions/csarp-sarp-5-10-A-1.txt
O-C1/csarp/sarp-5-10-A-2.txt,solutions/csarp-sarp-5-10-A-2.txt
O-C1/csarp/sarp-5-10-B-1.txt,solutions/csarp-sarp-5-10-B-1.txt
O-C1/csarp/sarp-5-10-B-2.txt,solutions/csarp-sarp-5-10-B-2.txt
O-C1/csarp/sarp-5-10-C-1.txt,solutions/csarp-sarp-5-10-C-1.txt
O-C1/csarp/sarp-5-10-C-2.txt,solutions/csarp-sarp-5-10-C-2.txt
O-C1/csarp/sarp-5-5-A-1.txt,solutions/csarp-sarp-5-5-A-1.txt
O-C1/csarp/sarp-5-5-A-2.txt,solutions/csarp-sarp-5-5-A-2.txt
O-C1/csarp/sarp-5-5-B-1.txt,solutions/csarp-sarp-5-5-B-1.txt
O-C1/csarp/sarp-5-5-B-2.txt,solutions/csarp-sarp-5-5-B-2.txt
O-C1/csarp/sarp-5-5-C-1.txt,solutions/csarp-sarp-5-5-C-1.txt
O-C1/csarp/sarp-5-5-C-2.txt,solutions/csarp-sarp-5-5-C-2.txt
O-C1/csarp/sarp-6-8-A-1.txt,solutions/csarp-sarp-6-8-A-1.txt
O-C1/csarp/sarp-6-8-A-2.txt,solutions/csarp-sarp-6-8-A-2.txt
O-C1/csarp/sarp-6-8-B-1.txt,solutions/csarp-sarp-6-8-B-1.txt
O-C1/csarp/sarp-6-8-B-2.txt,solutions/csarp-sarp-6-8-B-2.txt
O-C1/csarp/sarp-6-8-C-1.txt,solutions/csarp-sarp-6-8-C-1.txt
O-C1/csarp/sarp-6-8-C-2.txt,solutions/csarp-sarp-6-8-C-2.txt
O-C1/csarp/sarp-7-7-A-1.txt,solutions/csarp-sarp-7-7-A-1.txt
O-C1/csarp/sarp-7-7-A-2.txt,solutions/csarp-sarp-7-7-A-2.txt
O-C1/csarp/sarp-7-7-B-1.txt,solutions/csarp-sarp-7-7-B-1.txt
O-C1/csarp/sarp-7-7-B-2.txt,solutions/csarp-sarp-7-7-B-2.txt
O-C1/csarp/sarp-7-7-C-1.txt,solutions/csarp-sarp-7-7-C-1.txt
O-C1/csarp/sarp-7-7-C-2.txt,solutions/csarp-sarp-7-7-C-2.txt
O-C1/csarp/sarp-8-6-A-1.txt,solutions/csarp-sarp-8-6-A-1.txt
O-C1/csarp/sarp-8-6-A-2.txt,solutions/csarp-sarp-8-6-A-2.txt
O-C1/csarp/sarp-8-6-B-1.txt,solutions/csarp-sarp-8-6-B-1.txt
O-C1/csarp/sarp-8-6-B-2.txt,solutions/csarp-sarp-8-6-B-2.txt
O-C1/csarp/sarp-8-6-C-1.txt,solutions/csarp-sarp-8-6-C-1.txt
O-C1/csarp/sarp-8-6-C-2.txt,solutions/csarp-sarp-8-6-C-2.txt